TARGET_CLASS,configuration_id,criterion,ctg_min_time_per_job,ctg_schedule,search_budget,p_object_pool,ctg_time_per_class,Size,Length,Total_Time,Random_Seed,LineCoverage,LineCoverageBitString,BranchCoverage,BranchCoverageBitString,ExceptionCoverage,ExceptionCoverageBitString,Explicit_MethodExceptions,Explicit_TypeExceptions,Implicit_MethodExceptions,Implicit_TypeExceptions,WeakMutationScore,WeakMutationCoverageBitString,OutputCoverage,OutputCoverageBitString,MethodCoverage,MethodCoverageBitString,MethodNoExceptionCoverage,MethodNoExceptionCoverageBitString,CBranchCoverage,CBranchCoverageBitString
ir.ramtung.impl1.Library,default,LINE;BRANCH;EXCEPTION;WEAKMUTATION;OUTPUT;METHOD;METHODNOEXCEPTION;CBRANCH,1,BUDGET,258,0.3,2,25,89,267362,1718222566187,0.9894736842105263,11111111111111111111111111111111111111111111111111111111111111111011111111111111111111111111111,0.9552238805970149,1111111111111111111111111111111111111111111111111110111111001111111,1.0,1111111111,0,0,0,0,0.9177215189873418,11111111111111111111111111111111111111111110111111111111111111111111001111111111111111111111111111001111111111111111111101111100101011111111110100111111111111,0.5555555555555556,110110001,1.0,111111111111,0.9166666666666666,111111110111,0.9402985074626866,1111111111111111111111111111111111111111111111111111011111011001111
